ticker,endpoint_type,success,candlestick_count,error
KXAMAFCA-25-AM,historical,True,112,
KXAMAFKPA-25-RM,historical,True,112,
KXATPEXACTMATCH-26JAN20OPEDAV-DAV31,live,True,23,
KXATPEXACTMATCH-26JAN22MENQUI-QUI31,live,True,48,
KXATPMATCH-25JUL02DIMMOU-DIM,historical,True,41,
KXATPMATCH-25JUL19KOVSHA-SHA,historical,True,17,
KXATPMATCH-25OCT02RINMED-RIN,historical,True,16,
KXATPMC-25ALTALC-ALT,historical,True,16,
KXATPSETWINNER-26JAN19KHAMIC-1-KHA,live,True,6,
KXAUSSEATSGREENS-25-3,historical,True,724,
KXAWARDSCOUNTSEV-26-21,historical,True,998,
KXBOOKAWARDSYPLIT-25-TEA,historical,True,1295,
KXBRASILEIROGAME-25NOV09CRUFLU-CRU,historical,True,174,
KXBTCMAX125-1-26-AUG31-124999.99,historical,True,1292,
KXBUNDESLIGASPREAD-25DEC06VFBBMU-BMU1,historical,True,121,
KXBUNDESLIGATOTAL-26JAN13VFBSGE-3,live,True,132,
KXCDASEATS-25OCT29-B15,historical,True,1085,
KXCFPSEED-25-2ND-OSU,historical,True,108,
KXCRICKETT20IMATCH-25DEC09PHIMAL-PHI,historical,True,16,
KXCRICKETT20IMATCH-26JAN26ITAIRL-ITA,live,True,43,
KXCRITICSCOST-26-RUT,historical,True,640,
KXCS2MAP-26JAN13ASTFNC-1-AST,live,True,11,
KXCS2MAP-26JAN22IMPODK-1-IMP,live,True,6,
KXDARTSMATCH-25DEC29JCLAAHAR-AHAR,historical,True,45,
KXDPWORLDTOUR-HEDDC26-RFOX,live,True,112,
KXEARNINGSMENTIONBAC-25OCT15-TARF,historical,True,500,
KXECBMENTION-25OCT31-CRED,historical,True,30,
KXEMMYDSACTO-77-WAL,historical,True,3063,
KXEMMYLSACTR-77-JOA,historical,True,1626,
KXEPLFIRSTGOAL-25DEC03WOLNFO-WOLJLARSE9,historical,True,1,
KXEPLFIRSTGOAL-25DEC14BRELEE-LEEJRODON6,historical,True,1,
KXEPLFIRSTGOAL-26JAN24BURTOT-NOGOAL,live,True,1,
KXEPLGAME-25OCT26BOUNFO-BOU,historical,True,345,
KXEPLGAME-25SEP20WOLLEE-LEE,historical,True,348,
KXEPLGOAL-25DEC06LEELFC-LFCAISAK9-1,historical,True,0,
KXEPLGOAL-25DEC20EVEARS-EVECALCAR24-1,historical,True,1,
KXEPLGOAL-25DEC21AVLMUN-AVLOWATKI11-2,historical,True,0,
KXEPLGOAL-26JAN25BRENFO-NFOOHUTCH21-1,live,True,0,
KXEPLSPREAD-25NOV08CFCWOL-WOL2,historical,True,13,
KXEPLSPREAD-26JAN04FULLFC-FUL2,historical,True,133,
KXEPLTOTAL-25DEC13CFCEVE-2,historical,True,214,
KXEPLTOTAL-25DEC30NFOEVE-1,historical,True,275,
KXEREDIVISIEGAME-25DEC07FCUTWE-TIE,historical,True,165,
KXEREDIVISIEGAME-25DEC20HERHEE-HEE,historical,True,75,
KXEREDIVISIEGAME-26JAN11TELAJA-TEL,live,True,74,
KXEUROVISION-25-ITA,historical,True,261,
KXFACUPADVANCE-26JAN09PVAFLE-FLE,live,True,44,
KXFANATICSGAMESSECONDPLACE-FAN25-SRO,historical,True,86,
KXFEATURE21SAVAGE-25-WEE,historical,True,51,
KXFIBACHAMPLEAGUEGAME-26JAN08CHAPRO-PRO,historical,True,22,
KXFIFAGAME-25NOV13CMRCOD-CMR,historical,True,71,
KXFIFAGAME-25NOV15BIHROU-TIE,historical,True,50,
KXFIFAGAME-25NOV18MARUGA-MAR,historical,True,119,
KXFOMEN-25TIAKOR-TIA,historical,True,30,
KXFOMENSINGLES-25-MF,historical,True,253,
KXFOWOMENSINGLES-25-LR,historical,True,283,
KXHONDURASPRESIDENTMOV-25NOV30-60,historical,True,601,
KXJPAULWALKOUT-25DEC20-RATCT,historical,True,135,
KXLALIGATOTAL-26JAN24SEVATH-1,live,True,147,
KXLCKAHRIPICK-25,historical,True,1239,
KXLEADERNFLRYDS-26JAN05-JJEF,historical,True,2396,
KXLIGAMXGAME-25DEC03MONTOL-MON,historical,True,40,
KXLIGUE1GAME-26JAN17RCLAUX-TIE,live,True,171,
KXLIGUE1SPREAD-26JAN17RCLAUX-AUX1,live,True,95,
KXLIGUE1TOTAL-25DEC06TFCRCS-3,historical,True,101,
KXLOLGAME-26JAN26JDGBLG-JDG,live,True,84,
KXLOLMAP-26JAN15NSFOX-1-FOX,live,True,18,
KXLOLTOTALMAPS-26JAN22GENFOX-3,live,True,20,
KXMAMDANIMENTION-25OCT16-SHUT,historical,True,26,
KXMLBGAME-25APR22SDDET-SD,historical,True,9,
KXMLBGAME-25AUG22WSHPHI-PHI,historical,True,13,
KXMLBGAME-25JUL13MIABAL-BAL,historical,True,10,
KXMLBGAME-25JUN02DETCWS-CWS,historical,True,14,
KXMLBGAME-25JUN12NYYKC-KC,historical,True,14,
KXMLBGAME-25JUN14MIAWSH-WSH,historical,True,8,
KXMLBGAME-25MAY20ATLWSH-WSH,historical,True,13,
KXMLBGAME-25SEP06PHIMIA-MIA,historical,True,11,
KXMLBGAME-25SEP06SFSTL-STL,historical,True,14,
KXMLBSPREAD-25NOV01LADTOR-LAD1,historical,True,25,
KXMLBTOTAL-25OCT11CHCMIL-7,historical,True,41,
KXMLBTOTAL-25OCT17TORSEA-13,historical,True,45,
KXMLBWINS-CHC-25-T80,historical,True,2666,
KXMLSGAME-25JUN25CLBATL-ATL,historical,True,126,
KXMRBEASTMENTION-25DEC30-SPED,historical,True,65,
KXMSUNIVERSE-26-KUN,historical,True,545,
KXNASCARRACE-BANOAR25-JOBE,historical,True,142,
KXNBA2D-26JAN02DENCLE-CLEDMITCHELL45,historical,True,7,
KXNBA2D-26JAN25SACDET-SACDDEROZAN10,live,True,19,
KXNBA3PT-25DEC05DALOKC-OKCSGILGEOUSALEXANDERPG-5,historical,True,18,
KXNBA3PT-25DEC28PHIOKC-PHITMAXEY0-5,historical,True,12,
KXNBA3PT-25NOV28DALLAL-LALLJAMESPF-4,historical,True,16,
KXNBA3PT-26JAN03PORSAS-SASDFOX4-1,historical,True,11,
KXNBA3PT-26JAN08INDCHA-CHAKKNUEPPEL7-2,live,True,17,
KXNBA3PT-26JAN19UTASAS-SASDFOX4-1,live,True,18,
KXNBA3PT-26JAN19UTASAS-SASSCASTLE5-1,live,True,19,
KXNBAAST-25DEC20PORSAC-PORDAVDIJA8-8,historical,True,19,
KXNBAAST-25NOV23SASPHX-SASDFOXPG-6,historical,True,14,
KXNBAAST-26JAN04MEMLAL-LALLDONCIC77-9,historical,True,12,
KXNBAAST-26JAN06ORLWAS-WASCMCCOLLUM3-4,historical,True,23,
KXNBAAST-26JAN07MILGSW-GSWSCURRY30-8,historical,True,22,
KXNBAAST-26JAN15ATLPOR-ATLNALEXANDERWALKER7-2,live,True,14,
KXNBAAST-26JAN17CHAGSW-CHALBALL1-12,live,True,22,
KXNBAAST-26JAN27DETDEN-DETCCUNNINGHAM2-14,live,True,26,
KXNBABLK-26JAN25TOROKC-OKCSGILGEOUSALEXANDER2-2,live,True,18,
KXNBABLK-26JAN26MEMHOU-HOUASENGUN28-1,live,True,21,
KXNBAGAME-25MAY01NYKDET-DET,historical,True,44,
KXNBAGAME-25NOV01MINCHA-MIN,historical,True,58,
KXNBAGAME-25NOV17LACPHI-LAC,historical,True,58,
KXNBAGAME-25OCT31NYKCHI-CHI,historical,True,57,
KXNBAGAME-26JAN07LALSAS-LAL,historical,True,58,
KXNBAGAME-26JAN25SACDET-DET,live,True,58,
KXNBAPTS-25DEC01CLEIND-INDPSIAKAMPF-30,historical,True,9,
KXNBAPTS-25DEC18HOUNOP-NOPTMURPHY25-10,historical,True,19,
KXNBAPTS-25DEC18ORLDEN-ORLPBANCHERO5-35,historical,True,37,
KXNBAPTS-25DEC23NYKMIN-MINAEDWARDS5-25,historical,True,21,
KXNBAPTS-25DEC23TORMIA-MIABADEBAYO13-30,historical,True,19,
KXNBAPTS-25DEC26MIAATL-ATLJJOHNSON1-35,historical,True,19,
KXNBAPTS-25NOV26NYKCHA-NYKJBRUNSONPG-25,historical,True,17,
KXNBAPTS-26JAN03ATLTOR-ATLDDANIELS5-11,historical,True,17,
KXNBAPTS-26JAN11NYKPOR-NYKOANUNOBY8-20,live,True,19,
KXNBAPTS-26JAN13ATLLAL-LALLDONCIC77-25,live,True,20,
KXNBAPTS-26JAN14NYKSAC-SACDDEROZAN10-20,live,True,23,
KXNBAPTS-26JAN15PHXDET-DETCCUNNINGHAM2-25,live,True,21,
KXNBAPTS-26JAN19INDPHI-INDPSIAKAM43-30,live,True,21,
KXNBAPTS-26JAN19INDPHI-PHIVEDGECOMBE77-10,live,True,20,
KXNBAPTS-26JAN20LALDEN-LALLJAMES23-20,live,True,26,
KXNBAPTS-26JAN21DETNOP-NOPTMURPHY25-30,live,True,22,
KXNBAPTS-26JAN28ATLBOS-BOSJBROWN7-25,live,True,21,
KXNBAREB-25DEC03CHANYK-CHALBALLPG-2,historical,True,3,
KXNBAREB-25DEC18ORLDEN-ORLPBANCHERO5-4,historical,True,18,
KXNBAREB-25DEC26LACPOR-LACKLEONARD2-6,historical,True,21,
KXNBAREB-25DEC28GSWTOR-GSWDGREEN23-8,historical,True,9,
KXNBAREB-25NOV25ATLWAS-ATLJJOHNSONPF-10,historical,True,15,
KXNBAREB-25NOV28DALLAL-LALLDONCICPG-8,historical,True,20,
KXNBAREB-26JAN02SASIND-INDPSIAKAM43-10,historical,True,20,
KXNBAREB-26JAN04MINWAS-MINAEDWARDS5-4,historical,True,15,
KXNBAREB-26JAN06LALNOP-LALLDONCIC77-12,historical,True,21,
KXNBAREB-26JAN07LACNYK-LACIZUBAC40-16,historical,True,19,
KXNBAREB-26JAN07LACNYK-NYKOANUNOBY8-4,historical,True,20,
KXNBAREB-26JAN07TORCHA-CHAKKNUEPPEL7-6,historical,True,18,
KXNBAREB-26JAN10LACDET-LACIZUBAC40-12,live,True,17,
KXNBAREB-26JAN13CHIHOU-CHINVUCEVIC9-14,live,True,22,
KXNBAREB-26JAN15MILSAS-SASVWEMBANYAMA1-16,live,True,27,
KXNBAREB-26JAN22LALLAC-LACIZUBAC40-11,live,True,23,
KXNBAREB-26JAN24NYKPHI-NYKMBRIDGES25-2,live,True,11,
KXNBAREB-26JAN27NOPOKC-NOPZWILLIAMSON1-6,live,True,22,
KXNBAREB-26JAN28ORLMIA-ORLPBANCHERO5-8,live,True,19,
KXNBASPREAD-25DEC01PHXLAL-PHX1,historical,True,21,
KXNBASPREAD-25DEC03DETMIL-MIL6,historical,True,22,
KXNBASPREAD-25DEC18GSWPHX-PHX2,historical,True,38,
KXNBASPREAD-25DEC20BOSTOR-TOR5,historical,True,19,
KXNBASPREAD-25DEC28BOSPOR-BOS18,historical,True,22,
KXNBASPREAD-25NOV11DENSAC-SAC7,historical,True,28,
KXNBASPREAD-25NOV24PORMIL-MIL1,historical,True,22,
KXNBASPREAD-25OCT22NOPMEM-MEM7,historical,True,24,
KXNBASPREAD-25OCT24GSWPOR-GSW1,historical,True,27,
KXNBASPREAD-25OCT24SASNOP-SAS18,historical,True,24,
KXNBASPREAD-26JAN01HOUBKN-HOU16,historical,True,22,
KXNBASPREAD-26JAN07LALSAS-SAS13,historical,True,24,
KXNBASPREAD-26JAN18ORLMEM-MEM4,live,True,24,
KXNBASPREAD-26JAN20PHXPHI-PHI7,live,True,24,
KXNBASTL-26JAN19DALNYK-NYKMBRIDGES25-1,live,True,14,
KXNBASTL-26JAN19MILATL-ATLJJOHNSON1-1,live,True,12,
KXNBASTL-26JAN27SACNYK-SACDDEROZAN10-1,live,True,15,
KXNBATOTAL-25DEC03SASORL-221,historical,True,23,
KXNBATOTAL-25DEC06NOPBKN-211,historical,True,21,
KXNBATOTAL-25DEC15HOUDEN-221,historical,True,26,
KXNBATOTAL-25DEC23TORMIA-228,historical,True,25,
KXNBATOTAL-25NOV03SACDEN-242,historical,True,21,
KXNBATOTAL-25NOV24PORMIL-229,historical,True,18,
KXNBATOTAL-25OCT26MILCLE-240,historical,True,24,
KXNBATOTAL-26JAN09NYKPHX-227,live,True,29,
KXNBATOTAL-26JAN10SASBOS-229,live,True,22,
KXNBATOTAL-26JAN11SASMIN-232,live,True,21,
KXNBATOTAL-26JAN14DENDAL-226,live,True,21,
KXNBATOTAL-26JAN24LALDAL-242,live,True,26,
KXNBATOTAL-26JAN25TOROKC-237,live,True,25,
KXNCAAF-26-CHAR,historical,True,3391,
KXNCAAFACC-25-GT,historical,True,0,
KXNCAAFB12-25-BYU,historical,True,71,
KXNCAAFGAME-25NOV15MSSTMIZZ-MIZZ,historical,True,310,
KXNCAAFGAME-25NOV15USUUNLV-UNLV,historical,True,303,
KXNCAAFGAME-25NOV22NEVWYO-WYO,historical,True,265,
KXNCAAFGAME-25NOV29FSUFLA-FLA,historical,True,298,
KXNCAAFGAME-25OCT04UNLVWYO-WYO,historical,True,194,
KXNCAAFGAME-25SEP20USMLT-LT,historical,True,211,
KXNCAAFSPREAD-25NOV01PITTSTAN-PITT9,historical,True,39,
KXNCAAFSPREAD-25NOV01WVUHOU-HOU10,historical,True,55,
KXNCAAFSPREAD-25NOV01WVUHOU-HOU9,historical,True,40,
KXNCAAFSPREAD-25NOV18WMUNIU-NIU6,historical,True,26,
KXNCAAFSPREAD-25NOV22KSUUTAH-UTAH23,historical,True,97,
KXNCAAFSPREAD-25NOV22MINNNW-NW17,historical,True,43,
KXNCAAFSPREAD-25NOV22PITTGT-PITT7,historical,True,53,
KXNCAAFSPREAD-25NOV22TENNFLA-FLA3,historical,True,62,
KXNCAAFSPREAD-25NOV28ARIZASU-ARIZ3,historical,True,112,
KXNCAAFSPREAD-25NOV29UTEPDEL-UTEP7,historical,True,70,
KXNCAAFSPREAD-25OCT11SCARLSU-LSU7,historical,True,74,
KXNCAAFSPREAD-25OCT11SJSUWYO-WYO9,historical,True,37,
KXNCAAFSPREAD-25OCT15DELJVST-DEL1,historical,True,54,
KXNCAAFSPREAD-25OCT18BAYTCU-BAY4,historical,True,44,
KXNCAAFSPREAD-25OCT18MSUIND-IND20,historical,True,64,
KXNCAAFSPREAD-25OCT18UNLVBSU-BSU3,historical,True,38,
KXNCAAFSPREAD-25OCT25TXAMLSU-LSU8,historical,True,64,
KXNCAAFSPREAD-25OCT29JVSTMTU-JVST7,historical,True,9,
KXNCAAFSPREAD-25SEP13AFAUSU-USU4,historical,True,52,
KXNCAAFTOTAL-25AUG29WIUILL-63,historical,True,207,
KXNCAAFTOTAL-25DEC17ULLDEL-49,historical,True,163,
KXNCAAFTOTAL-25NOV08KUARIZ-56,historical,True,10,
KXNCAAFTOTAL-25NOV15MDILL-44,historical,True,32,
KXNCAAFTOTAL-25NOV22NEVWYO-38,historical,True,80,
KXNCAAFTOTAL-25NOV29COLOKSU-45,historical,True,100,
KXNCAAFTOTAL-25NOV29NDSTAN-41,historical,True,89,
KXNCAAFTOTAL-25OCT04ILLPUR-51,historical,True,26,
KXNCAAFTOTAL-25OCT11M-OHAKR-43,historical,True,42,
KXNCAAFTOTAL-25OCT11SCARLSU-37,historical,True,41,
KXNCAAFTOTAL-25OCT23USAGAST-53,historical,True,28,
KXNCAAFTOTAL-25OCT25BALLNIU-44,historical,True,23,
KXNCAAFTOTAL-25OCT25ILLWASH-61,historical,True,47,
KXNCAAFTOTAL-25OCT25WMUM-OH-47,historical,True,24,
KXNCAAFTOTAL-25SEP13USFMIA-61,historical,True,50,
KXNCAAFTOTAL-25SEP20ULLEMU-53,historical,True,67,
KXNCAAMBGAME-25DEC13MEMLOU-MEM,historical,True,55,
KXNCAAMBGAME-25DEC16BELEVAN-BEL,historical,True,56,
KXNCAAMBGAME-25NOV03ARIZFLA-FLA,historical,True,126,
KXNCAAMBGAME-26JAN03UVMUNH-UNH,historical,True,52,
KXNCAAMBGAME-26JAN07SLUVCU-SLU,historical,True,56,
KXNCAAMBGAME-26JAN17LMCCHS-LMC,live,True,53,
KXNCAAMBGAME-26JAN24YALEPENN-YALE,live,True,56,
KXNCAAMBSPREAD-25DEC01TARLCIN-CIN32,historical,True,15,
KXNCAAMBSPREAD-25DEC02CONNKU-KU2,historical,True,18,
KXNCAAMBSPREAD-25DEC05CINXAV-XAV7,historical,True,20,
KXNCAAMBSPREAD-25DEC06PENNVILL-VILL34,historical,True,4,
KXNCAAMBSPREAD-25DEC07FAUFGCU-FAU8,historical,True,14,
KXNCAAMBSPREAD-25DEC10FDUFOR-FOR25,historical,True,23,
KXNCAAMBSPREAD-25DEC13UTSACOLO-COLO12,historical,True,23,
KXNCAAMBSPREAD-25DEC14KENTPORT-KENT13,historical,True,17,
KXNCAAMBSPREAD-25DEC15NIAGVCU-VCU44,historical,True,23,
KXNCAAMBSPREAD-25DEC20CHSIND-IND45,historical,True,17,
KXNCAAMBSPREAD-25DEC21UNCAUAB-UAB2,historical,True,21,
KXNCAAMBSPREAD-25DEC23VILLHALL-VILL1,historical,True,26,
KXNCAAMBSPREAD-25DEC29JKSTTCU-TCU21,historical,True,25,
KXNCAAMBSPREAD-25DEC30UNMBSU-BSU20,historical,True,22,
KXNCAAMBSPREAD-25NOV11MONTUNLV-UNLV3,historical,True,12,
KXNCAAMBSPREAD-25NOV11NAUARIZ-ARIZ25,historical,True,8,
KXNCAAMBSPREAD-25NOV12CPCSU-CSU19,historical,True,20,
KXNCAAMBSPREAD-25NOV12SIESBON-SBON10,historical,True,25,
KXNCAAMBSPREAD-25NOV14COLGILL-ILL44,historical,True,3,
KXNCAAMBSPREAD-25NOV14HPUAB-UAB7,historical,True,9,
KXNCAAMBSPREAD-25NOV15WMSJU-SJU37,historical,True,18,
KXNCAAMBSPREAD-25NOV17RICETENN-TENN12,historical,True,15,
KXNCAAMBSPREAD-25NOV18SACUCLA-UCLA39,historical,True,22,
KXNCAAMBSPREAD-25NOV18UTMFSU-FSU7,historical,True,15,
KXNCAAMBSPREAD-25NOV20TROYUSC-USC28,historical,True,19,
KXNCAAMBSPREAD-25NOV21CHARAPP-CHAR6,historical,True,16,
KXNCAAMBSPREAD-25NOV21USUTULN-USU23,historical,True,12,
KXNCAAMBSPREAD-25NOV22PROVPSU-PROV10,historical,True,14,
KXNCAAMBSPREAD-25NOV24ASUTEX-TEX13,historical,True,13,
KXNCAAMBSPREAD-25NOV24GWMTU-MTU8,historical,True,9,
KXNCAAMBSPREAD-25NOV27ARKDUKE-ARK4,historical,True,22,
KXNCAAMBSPREAD-25NOV28PROVFLA-PROV1,historical,True,4,
KXNCAAMBSPREAD-26JAN03HOUCIN-HOU11,historical,True,22,
KXNCAAMBSPREAD-26JAN06SCARLSU-LSU3,historical,True,24,
KXNCAAMBSPREAD-26JAN08SFLMU-SF1,live,True,31,
KXNCAAMBSPREAD-26JAN10GTMIA-MIA26,live,True,14,
KXNCAAMBSPREAD-26JAN10MSSTUK-UK13,live,True,26,
KXNCAAMBSPREAD-26JAN14IONARID-IONA7,live,True,26,
KXNCAAMBSPREAD-26JAN14PITTGT-PITT13,live,True,26,
KXNCAAMBSPREAD-26JAN17GTNCST-NCST6,live,True,20,
KXNCAAMBSPREAD-26JAN19MRMKMRST-MRMK8,live,True,7,
KXNCAAMBSPREAD-26JAN20SJSUNEV-NEV31,live,True,25,
KXNCAAMBSPREAD-26JAN21PFWDET-PFW14,live,True,25,
KXNCAAMBSPREAD-26JAN21UNCASCUS-SCUS18,live,True,15,
KXNCAAMBSPREAD-26JAN22USFUAB-UAB13,live,True,20,
KXNCAAMBSPREAD-26JAN24MDMSU-MSU9,live,True,19,
KXNCAAMBSPREAD-26JAN24UTAHBYU-BYU30,live,True,23,
KXNCAAMBTOTAL-25DEC02TENNSYR-136,historical,True,23,
KXNCAAMBTOTAL-25DEC03INDMINN-126,historical,True,16,
KXNCAAMBTOTAL-25DEC06DUKEMSU-141,historical,True,25,
KXNCAAMBTOTAL-25DEC13GWFLA-163,historical,True,24,
KXNCAAMBTOTAL-25DEC13JKSTNW-137,historical,True,19,
KXNCAAMBTOTAL-25DEC13MHUDAV-128,historical,True,18,
KXNCAAMBTOTAL-25DEC13MHUDAV-134,historical,True,19,
KXNCAAMBTOTAL-25DEC13MSUPSU-138,historical,True,21,
KXNCAAMBTOTAL-25DEC16UNCOTTU-156,historical,True,28,
KXNCAAMBTOTAL-25DEC18WCUUGA-154,historical,True,20,
KXNCAAMBTOTAL-25DEC20GCWYO-139,historical,True,13,
KXNCAAMBTOTAL-25DEC21COFCNKU-151,historical,True,20,
KXNCAAMBTOTAL-25DEC21CSFOKST-179,historical,True,22,
KXNCAAMBTOTAL-25DEC22CMUWIS-163,historical,True,22,
KXNCAAMBTOTAL-25DEC22PVLSU-156,historical,True,24,
KXNCAAMBTOTAL-25DEC22USDWASH-153,historical,True,24,
KXNCAAMBTOTAL-25DEC30BUTCREI-137,historical,True,22,
KXNCAAMBTOTAL-25NOV08PACNEV-143,historical,True,29,
KXNCAAMBTOTAL-25NOV08PROVVT-154,historical,True,22,
KXNCAAMBTOTAL-25NOV08UMBCDAY-162,historical,True,10,
KXNCAAMBTOTAL-25NOV10NIUGC-176,historical,True,22,
KXNCAAMBTOTAL-25NOV11AMCCKU-162,historical,True,15,
KXNCAAMBTOTAL-25NOV11EIUND-141,historical,True,21,
KXNCAAMBTOTAL-25NOV11MURRSMU-160,historical,True,21,
KXNCAAMBTOTAL-25NOV12UALRMARQ-158,historical,True,30,
KXNCAAMBTOTAL-25NOV14UCFTXAM-170,historical,True,27,
KXNCAAMBTOTAL-25NOV21DETMSU-136,historical,True,7,
KXNCAAMBTOTAL-25NOV21PFWSLU-150,historical,True,12,
KXNCAAMBTOTAL-25NOV21USUTULN-161,historical,True,15,
KXNCAAMBTOTAL-25NOV24LMUFAU-154,historical,True,26,
KXNCAAMBTOTAL-25NOV25BAYSJU-159,historical,True,18,
KXNCAAMBTOTAL-25NOV28DEPGT-158,historical,True,11,
KXNCAAMBTOTAL-25NOV28MIAGTWN-145,historical,True,9,
KXNCAAMBTOTAL-25NOV28SMUMSST-164,historical,True,26,
KXNCAAMBTOTAL-26JAN03CBUTARL-141,historical,True,17,
KXNCAAMBTOTAL-26JAN07FIUJVST-145,historical,True,21,
KXNCAAMBTOTAL-26JAN08PEPPUSD-144,live,True,29,
KXNCAAMBTOTAL-26JAN10NCCUCOPP-145,live,True,13,
KXNCAAMBTOTAL-26JAN10USUBSU-147,live,True,27,
KXNCAAMBTOTAL-26JAN14FIUKENN-171,live,True,26,
KXNCAAMBTOTAL-26JAN14ULLTXST-135,live,True,25,
KXNCAAMBTOTAL-26JAN17MOSUMTU-134,live,True,22,
KXNCAAMBTOTAL-26JAN17SHSUFIU-168,live,True,20,
KXNCAAMBTOTAL-26JAN19LAMUNO-161,live,True,14,
KXNCAAMBTOTAL-26JAN21GTWNVILL-137,live,True,20,
KXNCAAMBTOTAL-26JAN21KENNSHSU-166,live,True,24,
KXNCAAMBTOTAL-26JAN21UNAQUC-162,live,True,17,
KXNCAAMBTOTAL-26JAN23LIUSTNH-124,live,True,18,
KXNCAAMBTOTAL-26JAN24AMCCIW-128,live,True,16,
KXNCAAMBTOTAL-26JAN24MURRUNI-153,live,True,17,
KXNCAAMBTOTAL-26JAN24UVMBRY-134,live,True,15,
KXNCAAMBTOTAL-26JAN28BELVALP-144,live,True,25,
KXNCAAMBTOTAL-26JAN28BUCKLAF-150,live,True,11,
KXNCAAWBGAME-25DEC02ESCSEA-ESC,historical,True,65,
KXNCAAWBGAME-25NOV20HOUUTRGV-HOU,historical,True,10,
KXNCAAWBGAME-25NOV30MSUCLEM-CLEM,historical,True,29,
KXNCAAWBGAME-26JAN01FLATENN-FLA,historical,True,63,
KXNCAAWBGAME-26JAN14DETCLEV-DET,live,True,65,
KXNCAAWBGAME-26JAN16CPHAW-CP,live,True,49,
KXNCAAWBGAME-26JAN17USACCAR-CCAR,live,True,59,
KXNCAAWBGAME-26JAN17WIUUALR-UALR,live,True,68,
KXNCAAWBGAME-26JAN22CCSUFDU-CCSU,live,True,66,
KXNCAAWBGAME-26JAN28LONGWEBB-LONG,live,True,55,
KXNEXTNFLCOACH-MIA26-KKIN,live,True,281,
KXNFL2TD-25OCT12ARIIND-ARIEDEMERCADO31,historical,True,43,
KXNFL2TD-25SEP04DALPHI-DALJFERGUSON87,historical,True,30,
KXNFLANYTD-25DEC07CINBUF-CINDST,historical,True,37,
KXNFLANYTD-25DEC21CINMIA-MIAMWASHINGTON6,historical,True,50,
KXNFLANYTD-25NOV23PITCHI-CHIKMONANGAI25,historical,True,42,
KXNFLANYTD-25OCT05HOUBAL-HOUNCOLLINS12,historical,True,188,
KXNFLANYTD-25SEP07SFSEA-SFBROBINSON3,historical,True,84,
KXNFLANYTD-25SEP21ATLCAR-ATLKPITTS8,historical,True,43,
KXNFLANYTD-25SEP21LVWAS-WASDEF,historical,True,44,
KXNFLANYTD-26JAN04INDHOU-HOUJHIGGINS81,historical,True,57,
KXNFLANYTD-26JAN10GBCHI-CHIKMONANGAI25,live,True,132,
KXNFLFIRSTTD-25DEC07INDJAC-INDDST,historical,True,34,
KXNFLFIRSTTD-25DEC21PITDET-PITARODGERS8,historical,True,55,
KXNFLFIRSTTD-25DEC28NENYJ-NOTD,historical,True,43,
KXNFLFIRSTTD-25NOV02LACTEN-TENEAYOMANOR5,historical,True,31,
KXNFLFIRSTTD-25NOV30ARITB-TBCOTTON88,historical,True,43,
KXNFLFIRSTTD-25OCT30BALMIA-MIATCONNER80,historical,True,39,
KXNFLFIRSTTD-25SEP07CINCLE-CLEIBOND16,historical,True,81,
KXNFLFIRSTTD-25SEP28BALKC-BALDHOPKINS10,historical,True,27,
KXNFLGAME-25OCT20HOUSEA-HOU,historical,True,296,
KXNFLPASSTDS-25DEC21NEBAL-BALLJACKSON8-2,historical,True,62,
KXNFLPASSTDS-25DEC28ARICIN-CINJBURROW9-3,historical,True,54,
KXNFLPASSTDS-25NOV23JACARI-ARIJBRISSETT7-2,historical,True,48,
KXNFLPASSTDS-25NOV30LACAR-LAMSTAFFORD9-3,historical,True,43,
KXNFLPASSYDS-25DEC14LACKC-LACJHERBERT10-350,historical,True,44,
KXNFLPASSYDS-25DEC25DENKC-KCCOLADOKUN19-300,historical,True,16,
KXNFLPASSYDS-25NOV09PITLAC-PITARODGERS8-350,historical,True,49,
KXNFLPASSYDS-25NOV30BUFPIT-PITARODGERS8-350,historical,True,42,
KXNFLPASSYDS-25OCT20TBDET-TBBMAYFIELD6-175,historical,True,53,
KXNFLPASSYDS-26JAN18HOUNE-HOUCSTROUD7-275,live,True,51,
KXNFLPREPACK3ML-25DEC14DENGBLADETSEAIND-GBLAIND,historical,True,85,
KXNFLREC-25DEC07CINBUF-BUFKCOLEMAN0-3,historical,True,49,
KXNFLREC-25DEC07SEAATL-ATLDMOONEY1-3,historical,True,43,
KXNFLREC-25DEC14BALCIN-CINCBROWN30-4,historical,True,59,
KXNFLREC-25DEC14BUFNE-NESDIGGS8-3,historical,True,48,
KXNFLREC-25DEC14INDSEA-SEACKUPP10-3,historical,True,60,
KXNFLREC-25DEC25DALWAS-WASDSAMUEL1-6,historical,True,56,
KXNFLREC-25DEC27BALGB-GBJJACOBS8-5,historical,True,5,
KXNFLREC-25NOV02KCBUF-KCTKELCE87-6,historical,True,34,
KXNFLREC-25NOV09BALMIN-BALDHOPKINS10-3,historical,True,20,
KXNFLREC-25NOV09NOCAR-NOJJOHNSON83-2,historical,True,27,
KXNFLREC-25NOV13NYJNE-NESDIGGS8-6,historical,True,45,
KXNFLREC-25NOV16TBBUF-TBRWHITE1-5,historical,True,36,
KXNFLREC-25NOV23MINGB-MINJJEFFERSON18-5,historical,True,41,
KXNFLREC-25NOV23PITCHI-PITCAUSTIN19-3,historical,True,31,
KXNFLREC-25NOV24CARSF-CARJSANDERS0-1,historical,True,39,
KXNFLREC-26JAN25NEDEN-NEDDOUGLAS3-5,live,True,3,
KXNFLRECYDS-25DEC07LAARI-LADADAMS17-80,historical,True,45,
KXNFLRECYDS-25DEC21JACDEN-DENPBRYANT13-20,historical,True,56,
KXNFLRECYDS-25NOV02JACLV-JACPWASHINGTON11-50,historical,True,34,
KXNFLRECYDS-25NOV16WASMIA-WASJBATES87-30,historical,True,11,
KXNFLRECYDS-25NOV23NYJBAL-BALZFLOWERS4-50,historical,True,45,
KXNFLRECYDS-25NOV30LACAR-LADALLEN87-20,historical,True,42,
KXNFLRECYDS-25OCT12NENO-NEAHOOPER81-50,historical,True,21,
KXNFLRECYDS-26JAN12HOUPIT-HOUWMARKS27-20,live,True,164,
KXNFLRSHYDS-25DEC21KCTEN-KCKHUNT29-29,historical,True,61,
KXNFLRSHYDS-25DEC28NYGLV-LVGSMITH7-40,historical,True,26,
KXNFLRSHYDS-25NOV16BALCLE-BALLJACKSON8-50,historical,True,45,
KXNFLRSHYDS-25NOV20BUFHOU-BUFJALLEN17-20,historical,True,56,
KXNFLRSHYDS-26JAN11LACNE-NETHENDERSON32-60,live,True,148,
KXNFLSPREAD-25AUG22ATLDAL-DAL25,historical,True,17,
KXNFLSPREAD-25AUG23BUFTB-TB43,historical,True,21,
KXNFLSPREAD-25AUG23HOUDET-HOU9,historical,True,19,
KXNFLSPREAD-25DEC28CHISF-CHI9,historical,True,229,
KXNFLSPREAD-25NOV02CARGB-CAR2,historical,True,169,
KXNFLSPREAD-25NOV27CINBAL-CIN3,historical,True,125,
KXNFLSPREAD-25OCT05LVIND-LV2,historical,True,95,
KXNFLSPREAD-25OCT19INDLAC-LAC4,historical,True,127,
KXNFLSPREAD-25OCT20TBDET-TB4,historical,True,159,
KXNFLSPREAD-25OCT26NYJCIN-NYJ10,historical,True,120,
KXNFLSPREAD-25SEP07CARJAC-CAR32,historical,True,25,
KXNFLSPREAD-25SEP07TENDEN-TEN15,historical,True,31,
KXNFLTEAMTOTAL-25DEC07HOUKC-HOU7,historical,True,10,
KXNFLTEAMTOTAL-26JAN25NEDEN-NE26,live,True,158,
KXNFLTOTAL-25AUG21NENYG-62,historical,True,0,
KXNFLTOTAL-25AUG23BALWAS-41,historical,True,29,
KXNFLTOTAL-25AUG23INDCIN-23,historical,True,18,
KXNFLTOTAL-25AUG23LACSF-65,historical,True,21,
KXNFLTOTAL-25DEC14LVPHI-51,historical,True,227,
KXNFLTOTAL-25DEC15MIAPIT-30,historical,True,257,
KXNFLTOTAL-25NOV09BUFMIA-44,historical,True,188,
KXNFLTOTAL-25NOV23ATLNO-32,historical,True,231,
KXNFLTOTAL-25NOV23MINGB-34,historical,True,236,
KXNFLTOTAL-25OCT12CINGB-48,historical,True,118,
KXNFLTOTAL-25OCT19PHIMIN-37,historical,True,137,
KXNFLTOTAL-25OCT20TBDET-61,historical,True,167,
KXNFLTOTAL-25OCT26TENIND-50,historical,True,118,
KXNFLTOTAL-25SEP07CARJAC-10,historical,True,47,
KXNFLTOTAL-25SEP07NYGWAS-17,historical,True,46,
KXNFLTOTAL-25SEP14DENIND-42,historical,True,140,
KXNFLTOTAL-25SEP21CINMIN-36,historical,True,62,
KXNFLTOTAL-26JAN04NOATL-40,historical,True,150,
KXNFLWINS-GB-25B-T2,historical,True,1012,
KXNHLAST-25DEC02VANCOL-VANEPETTERSSON40-1,historical,True,2,
KXNHLAST-25DEC06WPGEDM-EDMLDRAISAITL29-2,historical,True,2,
KXNHLAST-25DEC10DETCGY-DETLRAYMOND23-1,historical,True,2,
KXNHLAST-25DEC11ANANYI-NYIMSCHAEFER48-1,historical,True,2,
KXNHLAST-25DEC11TBNJ-TBNKUCHEROV86-1,historical,True,2,
KXNHLAST-25DEC13FLADAL-FLABMARCHAND63-2,historical,True,2,
KXNHLAST-25DEC15LADAL-DALJBENN14-1,historical,True,3,
KXNHLAST-25DEC16CHITOR-TORECOWAN53-1,historical,True,2,
KXNHLAST-25DEC18NYRSTL-NYRWCUYLLE50-1,historical,True,2,
KXNHLAST-25DEC19DALANA-ANATTERRY19-1,historical,True,2,
KXNHLAST-25DEC20CARTB-TBGGONCALVES93-2,historical,True,3,
KXNHLAST-25DEC23BUFOTT-OTTTCHABOT72-2,historical,True,5,
KXNHLAST-25DEC27COLVGK-COLMNECAS88-2,historical,True,6,
KXNHLAST-25DEC27TBFLA-TBBPOINT21-2,historical,True,4,
KXNHLAST-25DEC29BOSCGY-CGYJHUBERDEAU10-2,historical,True,6,
KXNHLAST-25DEC29MINVGK-VGKMMARNER93-1,historical,True,5,
KXNHLAST-25DEC29NSHUTA-NSHFFORSBERG9-2,historical,True,5,
KXNHLAST-25NOV24FLANSH-FLASJONES3-2,historical,True,2,
KXNHLAST-25NOV24OTTLA-OTTDBATHERSON19-2,historical,True,2,
KXNHLAST-26JAN01WSHOTT-OTTTSTUTZLE18-1,historical,True,4,
KXNHLAST-26JAN02NYRFLA-FLASJONES3-2,historical,True,2,
KXNHLAST-26JAN06FLATOR-FLASREINHART13-2,historical,True,6,
KXNHLAST-26JAN09STLUTA-STLJKYROU25-2,live,True,4,
KXNHLAST-26JAN09WSHCHI-WSHJSOURDIF34-2,live,True,3,
KXNHLAST-26JAN10SEACAR-SEAVDUNN29-2,live,True,4,
KXNHLAST-26JAN13MTLWSH-MTLZBOLDUC76-1,live,True,2,
KXNHLAST-26JAN15DALUTA-DALELINDELL23-2,live,True,3,
KXNHLAST-26JAN15PHIPIT-PHITZEGRAS46-2,live,True,5,
KXNHLAST-26JAN17BOSCHI-BOSFMINTEN93-1,live,True,2,
KXNHLAST-26JAN17SEAUTA-SEAETOLVANEN20-1,live,True,4,
KXNHLAST-26JAN24DETWPG-DETDLARKIN71-1,live,True,5,
KXNHLAST-26JAN26ANAEDM-EDMJROSLOVIC28-2,live,True,2,
KXNHLFIRSTGOAL-25DEC06CBJFLA-CBJAFANTILLI19,historical,True,4,
KXNHLFIRSTGOAL-25DEC06UTACGY-UTALCROUSE67,historical,True,3,
KXNHLFIRSTGOAL-25DEC11STLNSH-STLJNEIGHBOURS63,historical,True,5,
KXNHLFIRSTGOAL-25DEC21NYRNSH-NSHRJOSI59,historical,True,5,
KXNHLFIRSTGOAL-25DEC29BOSCGY-BOSPZACHA18,historical,True,6,
KXNHLFIRSTGOAL-26JAN03MINLA-LACPERRY10,historical,True,5,
KXNHLFIRSTGOAL-26JAN10CGYPIT-PITEKARLSSON65,live,True,5,
KXNHLFIRSTGOAL-26JAN15MTLBUF-BUFJZUCKER17,live,True,5,
KXNHLGAME-25DEC27NSHSTL-STL,historical,True,68,
KXNHLGAME-25NOV18CBJWPG-WPG,historical,True,68,
KXNHLGAME-25NOV19BOSANA-BOS,historical,True,67,
KXNHLGAME-25OCT18FLABUF-FLA,historical,True,59,
KXNHLGAME-26JAN24FLAMIN-FLA,live,True,68,
KXNHLGOAL-25DEC02TBNYI-TBBHAGEL38,historical,True,3,
KXNHLGOAL-25DEC07CHIANA-CHISRINZEL6,historical,True,5,
KXNHLGOAL-25DEC13TBNYI-NYIALEE27,historical,True,7,
KXNHLGOAL-25DEC18CHIMTL-MTLCCAUFIELD13,historical,True,4,
KXNHLGOAL-25DEC20DETWSH-WSHDSTROME17,historical,True,6,
KXNHLGOAL-25DEC23CGYEDM-EDMLDRAISAITL29,historical,True,6,
KXNHLGOAL-25DEC23PHICHI-CHITBERTUZZI59,historical,True,5,
KXNHLGOAL-25DEC28TORDET-DETASANDINPELLIKKA44,historical,True,7,
KXNHLGOAL-25DEC31NJCBJ-CBJDSEVERSON78,historical,True,6,
KXNHLGOAL-26JAN02MINANA-MINMZUCCARELLO36,historical,True,6,
KXNHLGOAL-26JAN07STLCHI-CHIRGREENE20,historical,True,6,
KXNHLGOAL-26JAN13CGYCBJ-CGYMCORONATO27,live,True,6,
KXNHLGOAL-26JAN15MTLBUF-BUFJDOAN91,live,True,4,
KXNHLGOAL-26JAN19SJFLA-SJAWENNBERG21,live,True,6,
KXNHLGOAL-26JAN20NYRLA-NYRALAFRENIERE13,live,True,6,
KXNHLGOAL-26JAN23NJVAN-VANLKARLSSON94,live,True,6,
KXNHLGOAL-26JAN27NSHBOS-NSHROREILLY90,live,True,5,
KXNHLPTS-25DEC02DALNYR-NYRVTROCHECK16-1,historical,True,2,
KXNHLPTS-25DEC02VANCOL-COLMNECAS88-1,historical,True,2,
KXNHLPTS-25DEC03BUFPHI-BUFTTHOMPSON72-2,historical,True,4,
KXNHLPTS-25DEC03DALNJ-NJSNOESEN11-1,historical,True,2,
KXNHLPTS-25DEC06DETSEA-DETJVANRIEMSDYK21-2,historical,True,2,
KXNHLPTS-25DEC06WPGEDM-EDMAMANGIAPANE88-2,historical,True,2,
KXNHLPTS-25DEC09COLNSH-NSHFFORSBERG9-2,historical,True,2,
KXNHLPTS-25DEC09COLNSH-NSHROREILLY90-1,historical,True,2,
KXNHLPTS-25DEC11SJTOR-TORECOWAN53-2,historical,True,2,
KXNHLPTS-25DEC11STLNSH-NSHNBLANKENBURG37-3,historical,True,2,
KXNHLPTS-25DEC14BUFSEA-SEABMONTOUR62-2,historical,True,0,
KXNHLPTS-25DEC14UTAPIT-PITTNOVAK18-3,historical,True,0,
KXNHLPTS-25DEC15NSHSTL-STLJFAULK72-2,historical,True,4,
KXNHLPTS-25DEC17NJVGK-NJOPALAT18-3,historical,True,1,
KXNHLPTS-25DEC20PHINYR-PHICYORK8-1,historical,True,3,
KXNHLPTS-25DEC20PHINYR-PHISCOUTURIER14-1,historical,True,4,
KXNHLPTS-25DEC20VGKCGY-VGKNHANIFIN15-2,historical,True,3,
KXNHLPTS-25DEC22SEAANA-SEAFGAUDREAU89-2,historical,True,3,
KXNHLPTS-25DEC23DALDET-DETACOPP18-3,historical,True,0,
KXNHLPTS-25DEC23NYRWSH-NYRNLABA42-1,historical,True,3,
KXNHLPTS-25DEC27COLVGK-VGKIBARBASHEV49-1,historical,True,5,
KXNHLPTS-25DEC27EDMCGY-EDMZHYMAN18-1,historical,True,5,
KXNHLPTS-25DEC31STLCOL-COLCMAKAR8-1,historical,True,5,
KXNHLPTS-26JAN01MTLCAR-MTLBGALLAGHER11-3,historical,True,2,
KXNHLPTS-26JAN03COLCAR-CARSAHO20-1,historical,True,4,
KXNHLPTS-26JAN03NSHCGY-NSHMBUNTING58-1,historical,True,4,
KXNHLPTS-26JAN04MTLDAL-MTLNSUZUKI14-1,historical,True,4,
KXNHLPTS-26JAN07OTTUTA-UTABHAYTON27-3,historical,True,4,
KXNHLPTS-26JAN07SJLA-SJDORLOV9-3,historical,True,5,
KXNHLPTS-26JAN09STLUTA-UTAMCARCONE53-2,live,True,3,
KXNHLPTS-26JAN10NYRBOS-NYRJMILLER8-1,live,True,4,
KXNHLPTS-26JAN10TBPHI-TBOBJORKSTRAND22-3,live,True,2,
KXNHLPTS-26JAN11CBJUTA-CBJAFANTILLI19-2,live,True,3,
KXNHLPTS-26JAN11WSHNSH-WSHAOVECHKIN8-3,live,True,0,
KXNHLPTS-26JAN11WSHNSH-WSHCMCMICHAEL24-1,live,True,0,
KXNHLPTS-26JAN13TBPIT-PITAMANTHA39-1,live,True,4,
KXNHLPTS-26JAN14VGKLA-VGKCSISSONS10-2,live,True,1,
KXNHLPTS-26JAN15PHIPIT-PHITSANHEIM6-2,live,True,5,
KXNHLPTS-26JAN15VANCBJ-CBJDSEVERSON78-2,live,True,4,
KXNHLPTS-26JAN20BUFNSH-NSHRJOSI59-2,live,True,3,
KXNHLPTS-26JAN23VGKTOR-VGKPDOROFEYEV16-1,live,True,5,
KXNHLPTS-26JAN24DETWPG-WPGJMORRISSEY44-2,live,True,5,
KXNHLSPREAD-25DEC27COLVGK-VGK2,historical,True,60,
KXNHLSPREAD-25DEC27EDMCGY-CGY2,historical,True,60,
KXNHLSPREAD-25NOV01CHIEDM-EDM2,historical,True,21,
KXNHLSPREAD-25NOV02CGYPHI-CGY1,historical,True,30,
KXNHLSPREAD-25NOV08DALNSH-NSH1,historical,True,30,
KXNHLSPREAD-25NOV28NJBUF-BUF1,historical,True,28,
KXNHLTOTAL-25NOV24CBJWSH-6,historical,True,40,
KXNHLTOTAL-25OCT23SJNYR-5,historical,True,19,
KXNHLTOTAL-26JAN15VANCBJ-3,live,True,56,
KXNYCRENTSY-25-T1,live,True,3205,
KXPGATOUR-CSC25-GSIG,historical,True,111,
KXPGATOUR-FSJC25-JSPA,historical,True,189,
KXPGATOUR-FSJC25-PCAN,historical,True,186,
KXPGATOUR-JDC25-TLAW,historical,True,98,
KXPGATOUR-SOOIH26-JSPA,live,True,165,
KXPGATOUR-THAE26-ZDOU,live,True,136,
KXPGATOUR-WOWTC25-BTHO,historical,True,198,
KXPICKLEBALL-MIXEDDOUBLES25OCT07-PARNEW,historical,True,150,
KXRANKLISTSONGTOP10-25DEC20-HOL,historical,True,144,
KXSAGAWARDACTR-26-AMA,historical,True,316,
KXSAUDIPLGAME-26JAN09KHADAM-DAM,live,True,74,
KXSCOTTISHPREMGAME-26JAN24FALHIB-FAL,live,True,81,
KXSECPRESSMENTION-25DEC30-PAUL,historical,True,18,
KXSERIEASPREAD-25DEC14BFCJUV-BFC1,historical,True,115,
KXSERIEATOTAL-25DEC06INTCOM-2,historical,True,120,
KXSOUTHPARKMENTION-25SEP24-DKNG,historical,True,8,
KXSTARLADDERBUDAPESTMAJOR-STAR25-VIR,historical,True,2518,
KXSWIFTMENTION-25AUG13-STU,historical,True,37,
KXTABLETENNIS-26JAN17MCZMKO-MKO,live,True,1,
KXTABLETENNIS-26JAN19BSUALI-BSU,live,True,1,
KXTABLETENNIS-26JAN19JNOPGU-PGU,live,True,2,
KXTABLETENNIS-26JAN20KPEAWI-KPE,live,True,1,
KXTHEOPEN-25-SIM,historical,True,185,
KXTHEOPEN-TOP1025-THAT,historical,True,54,
KXTOP10BILLBOARDCB-25-7,historical,True,594,
KXTOP10BILLBOARDSPOTSSC-25-1,historical,True,234,
KXTOURDEFRANCE-25-TPID,historical,True,800,
KXTRUMPMENTION-25AUG11-BORD,historical,True,19,
KXTRUMPMENTION-25SEP22-PREG,historical,True,17,
KXUCLFIRSTGOAL-25DEC09BARSGE-SGEESKHIR15,historical,True,1,
KXUCLFIRSTGOAL-26JAN21NEWPSV-NEWYWISSA9,live,True,1,
KXUCLFIRSTGOAL-26JAN21QARSGE-QARMJANKO8,live,True,1,
KXUCLGAME-25DEC09ALMOLY-TIE,historical,True,47,
KXUCLGAME-26JAN28NAPCFC-TIE,live,True,151,
KXUCLGOAL-25DEC10BENNAP-BENTARAUJ44-1,historical,True,2,
KXUCLGOAL-25NOV26FCCALM-ALMDKASSA4-1,historical,True,2,
KXUCLGOAL-25NOV26PSGTOT-PSGWPACHO51-1,historical,True,2,
KXUCLGOAL-26JAN28ARSALM-ALMVGROMY55-1,live,True,1,
KXUCLSPREAD-25DEC10LEVNEW-NEW1,historical,True,52,
KXUCLTOP-26-FCC,live,True,2577,
KXUELGAME-25DEC11SCFRBS-RBS,historical,True,175,
KXUFCFIGHT-26JAN24GAUPUL-PUL,live,True,411,
KXUFCFIGHT-26JAN24HOKFRE-HOK,live,True,390,
KXUSOPEN-25-JSPA,historical,True,262,
KXVALPLIND-25-TNEM,historical,True,75,
KXVANCEMENTION-25SEP17-INVS,historical,True,24,
KXVMACOUNTRY-25-LAI,historical,True,749,
KXWMENSINGLES-25-LLA,historical,True,209,
KXWNBAGAME-25AUG10MINNY-NY,historical,True,30,
KXWTAMATCH-25AUG14BROGAU-GAU,historical,True,10,
KXWTAMATCH-25JUN20FERYAS-YAS,historical,True,25,
KXWTAMATCH-26JAN09MCCJUV-JUV,live,True,20,
KXWTAMATCH-26JAN22SONPUT-SON,live,True,50,
KXWWOMENSINGLES-25-NB,historical,True,208,
